Experiment,IAF,Index,Value
1,MEI,42,8.620000000000000
2,MEI,22,0.34
3,MEI,8,4.44
4,MEI,59,3.2
5,MEI,39,4.0
6,MEI,81,1.83
7,MEI,13,6.9
8,MEI,47,6.7
9,MEI,61,3.0
10,MEI,72,4.6
11,MEI,10,8.8
12,MEI,31,7.9
13,MEI,36,9.0
14,MEI,95,15.0
15,MEI,63,13.0
16,MEI,3,7.1
17,MEI,44,14.3
18,MEI,80,5.950000000000000
19,MEI,0,10.0
20,MEI,29,5.0
21,MEI,33,0.066
22,MEI,65,13.0
23,MEI,62,18.0